{"Validation Callback Predicted Images": {"_type": "image-file", "sha256": "9c79ad0ae4c4a4d780236c389a9aad40a307a2234d422bf530c3be472d37750c", "size": 275909, "path": "media/images/Validation Callback Predicted Images_1890_9c79ad0ae4c4a4d78023.png", "format": "png", "width": 1500, "height": 1000}, "_timestamp": 1712315218.6470482, "_runtime": 3121.453220129013, "_step": 1890, "lr-Adam": 0.0012398646997795085, "trainer/global_step": 1349, "train_loss": 0.30975911021232605, "epoch": 149, "val_loss": 0.2093122899532318, "val_accuracy_micro": 0.9136325120925903, "val_accuracy_MACRO": 0.7279901504516602, "val_F1": 0.7745293378829956, "val_Dice": 0.7680659890174866, "val_Jaccard": 0.8735882639884949, "_wandb": {"runtime": 3122}}