{"val_loss": 1.9675778150558472, "val_accuracy_micro": 0.0, "val_accuracy_MACRO": 0.0, "val_F1": 0.0, "val_Dice": 0.0, "val_Jaccard": 0.0, "trainer/global_step": 999, "_timestamp": 1712312088.4304416, "_runtime": 1810.277990579605, "_step": 1019, "train_loss": 0.5614423155784607, "epoch": 999, "_wandb": {"runtime": 1811}}