{"lr-Adam": 0.000123334237520261, "trainer/global_step": 1349, "_timestamp": 1712318519.1813614, "_runtime": 3073.3065135478973, "_step": 20859, "train_loss": 0.2802996337413788, "epoch": 149, "val_loss": 0.28606969118118286, "val_accuracy_micro": 0.8403894901275635, "val_accuracy_MACRO": 0.683944582939148, "val_F1": 0.7461627721786499, "val_Dice": 0.8894205093383789, "val_Jaccard": 0.8207334280014038, "Predicted Images": {"_type": "image-file", "sha256": "4203cdd7333605e3ef196ccaddc64aa8892ac089a7a7e148f3b7cbabeff99d6f", "size": 332816, "path": "media/images/Predicted Images_20859_4203cdd7333605e3ef19.png", "format": "png", "width": 1500, "height": 1000}, "_wandb": {"runtime": 3082}}